product,Samples,ADI,CV2,n0,n1,NLags,w0,w1
,,,,,,,,
Prd1225,1940,23.60240964,0.146966625,49,1794,56,1,11.30120482
